Education,Contraception
High,Long-term
High,Long-term
High,Long-term
High,Long-term
High,Long-term
High,Long-term
High,Long-term
High,Long-term
High,Long-term
High,Long-term
High,Long-term
High,Long-term
High,Long-term
High,Long-term
High,Long-term
High,Long-term
High,Long-term
High,Long-term
High,Long-term
High,Long-term
High,Long-term
High,Long-term
High,Long-term
High,Long-term
High,Long-term
High,Long-term
High,Long-term
High,Long-term
High,Long-term
High,Long-term
High,Long-term
High,Long-term
High,Long-term
High,Long-term
High,Long-term
High,Long-term
High,Long-term
High,Long-term
High,Long-term
High,Long-term
High,Long-term
High,Long-term
High,Long-term
High,Long-term
High,Long-term
High,Long-term
High,Long-term
High,Long-term
High,Long-term
High,Long-term
High,Long-term
High,Long-term
High,Long-term
High,Long-term
High,Long-term
High,Long-term
High,Long-term
High,Long-term
High,Long-term
High,Long-term
High,Long-term
High,Long-term
High,Long-term
High,Long-term
High,Long-term
High,Long-term
High,Long-term
High,Long-term
High,Long-term
High,Long-term
High,Long-term
High,Long-term
High,Long-term
High,Long-term
High,Long-term
High,Long-term
High,Long-term
High,Long-term
High,Long-term
High,Long-term
High,Long-term
High,Long-term
High,Long-term
High,Long-term
High,Long-term
High,Long-term
High,Long-term
High,Long-term
High,Long-term
High,Long-term
High,Long-term
High,Long-term
High,Long-term
High,Long-term
High,Long-term
High,Long-term
High,Long-term
High,Long-term
High,Long-term
High,Long-term
High,Long-term
High,Long-term
High,Long-term
High,Long-term
High,Long-term
High,Long-term
High,Long-term
High,Long-term
High,Long-term
High,Long-term
High,Long-term
High,Long-term
High,Long-term
High,Long-term
High,Long-term
High,Long-term
High,Long-term
High,Long-term
High,Long-term
High,Long-term
High,Long-term
High,Long-term
High,Long-term
High,Long-term
High,Long-term
High,Long-term
High,Long-term
High,Long-term
High,Long-term
High,Long-term
High,Long-term
High,Long-term
High,Long-term
High,Long-term
High,Long-term
High,Long-term
High,Long-term
High,Long-term
High,Long-term
High,Long-term
High,Long-term
High,Long-term
High,Long-term
High,Long-term
High,Long-term
High,Long-term
High,Long-term
High,Long-term
High,Long-term
High,Long-term
High,Long-term
High,Long-term
High,Long-term
High,Long-term
High,Long-term
High,Long-term
High,Long-term
High,Long-term
High,Long-term
High,Long-term
High,Long-term
High,Long-term
High,Long-term
High,Long-term
High,Long-term
High,Long-term
High,Long-term
High,Long-term
High,Long-term
High,Long-term
High,Long-term
High,Long-term
High,Long-term
High,Long-term
High,Long-term
High,Long-term
High,Long-term
High,Long-term
High,Long-term
High,Long-term
High,Long-term
High,Long-term
High,Long-term
High,Long-term
High,Long-term
High,Long-term
High,Long-term
High,Long-term
High,Long-term
High,Long-term
High,Long-term
High,Long-term
High,Long-term
High,Long-term
High,Long-term
High,Long-term
High,Long-term
High,Long-term
High,Long-term
High,Long-term
High,Long-term
High,Long-term
High,Long-term
High,Long-term
High,Long-term
High,Long-term
High,Long-term
High,Short-term
High,Short-term
High,Short-term
High,Short-term
High,Short-term
High,Short-term
High,Short-term
High,Short-term
High,Short-term
High,Short-term
High,Short-term
High,Short-term
High,Short-term
High,Short-term
High,Short-term
High,Short-term
High,Short-term
High,Short-term
High,Short-term
High,Short-term
High,Short-term
High,Short-term
High,Short-term
High,Short-term
High,Short-term
High,Short-term
High,Short-term
High,Short-term
High,Short-term
High,Short-term
High,Short-term
High,Short-term
High,Short-term
High,Short-term
High,Short-term
High,Short-term
High,Short-term
High,Short-term
High,Short-term
High,Short-term
High,Short-term
High,Short-term
High,Short-term
High,Short-term
High,Short-term
High,Short-term
High,Short-term
High,Short-term
High,Short-term
High,Short-term
High,Short-term
High,Short-term
High,Short-term
High,Short-term
High,Short-term
High,Short-term
High,Short-term
High,Short-term
High,Short-term
High,Short-term
High,Short-term
High,Short-term
High,Short-term
High,Short-term
High,Short-term
High,Short-term
High,Short-term
High,Short-term
High,Short-term
High,Short-term
High,Short-term
High,Short-term
High,Short-term
High,Short-term
High,Short-term
High,Short-term
High,Short-term
High,Short-term
High,Short-term
High,Short-term
High,Short-term
High,Short-term
High,Short-term
High,Short-term
High,Short-term
High,Short-term
High,Short-term
High,Short-term
High,Short-term
High,Short-term
High,Short-term
High,Short-term
High,Short-term
High,Short-term
High,Short-term
High,Short-term
High,Short-term
High,Short-term
High,Short-term
High,Short-term
High,Short-term
High,Short-term
High,Short-term
High,Short-term
High,Short-term
High,Short-term
High,Short-term
High,Short-term
High,Short-term
High,Short-term
High,Short-term
High,Short-term
High,Short-term
High,Short-term
High,Short-term
High,Short-term
High,Short-term
High,Short-term
High,Short-term
High,Short-term
High,Short-term
High,Short-term
High,Short-term
High,Short-term
High,Short-term
High,Short-term
High,Short-term
High,Short-term
High,Short-term
High,Short-term
High,Short-term
High,Short-term
High,Short-term
High,Short-term
High,Short-term
High,Short-term
High,Short-term
High,Short-term
High,Short-term
High,Short-term
High,Short-term
High,Short-term
High,Short-term
High,Short-term
High,Short-term
High,Short-term
High,Short-term
High,Short-term
High,Short-term
High,Short-term
High,Short-term
High,Short-term
High,Short-term
High,Short-term
High,Short-term
High,Short-term
High,Short-term
High,Short-term
High,Short-term
High,Short-term
High,Short-term
High,Short-term
High,Short-term
High,Short-term
High,Short-term
High,Short-term
High,Short-term
High,Short-term
High,Short-term
High,Short-term
High,Short-term
High,Short-term
High,Short-term
High,Short-term
High,Short-term
High,Short-term
High,Short-term
High,Short-term
High,Short-term
High,Short-term
High,Short-term
High,Short-term
High,Short-term
High,Short-term
High,Short-term
High,Short-term
High,Short-term
High,Short-term
High,Short-term
High,Short-term
High,Short-term
High,Short-term
High,Short-term
High,Short-term
High,Short-term
High,No use
High,No use
High,No use
High,No use
High,No use
High,No use
High,No use
High,No use
High,No use
High,No use
High,No use
High,No use
High,No use
High,No use
High,No use
High,No use
High,No use
High,No use
High,No use
High,No use
High,No use
High,No use
High,No use
High,No use
High,No use
High,No use
High,No use
High,No use
High,No use
High,No use
High,No use
High,No use
High,No use
High,No use
High,No use
High,No use
High,No use
High,No use
High,No use
High,No use
High,No use
High,No use
High,No use
High,No use
High,No use
High,No use
High,No use
High,No use
High,No use
High,No use
High,No use
High,No use
High,No use
High,No use
High,No use
High,No use
High,No use
High,No use
High,No use
High,No use
High,No use
High,No use
High,No use
High,No use
High,No use
High,No use
High,No use
High,No use
High,No use
High,No use
High,No use
High,No use
High,No use
High,No use
High,No use
High,No use
High,No use
High,No use
High,No use
High,No use
High,No use
High,No use
High,No use
High,No use
High,No use
High,No use
High,No use
High,No use
High,No use
High,No use
High,No use
High,No use
High,No use
High,No use
High,No use
High,No use
High,No use
High,No use
High,No use
High,No use
High,No use
High,No use
High,No use
High,No use
High,No use
High,No use
High,No use
High,No use
High,No use
High,No use
High,No use
High,No use
High,No use
High,No use
High,No use
High,No use
High,No use
High,No use
High,No use
High,No use
High,No use
High,No use
High,No use
High,No use
High,No use
High,No use
High,No use
High,No use
High,No use
High,No use
High,No use
High,No use
High,No use
High,No use
High,No use
High,No use
High,No use
High,No use
High,No use
High,No use
High,No use
High,No use
High,No use
High,No use
High,No use
High,No use
High,No use
High,No use
High,No use
High,No use
High,No use
High,No use
High,No use
High,No use
High,No use
High,No use
High,No use
High,No use
High,No use
High,No use
High,No use
High,No use
High,No use
High,No use
High,No use
High,No use
High,No use
High,No use
High,No use
High,No use
High,No use
High,No use
High,No use
High,No use
High,No use
Med-High,Long-term
Med-High,Long-term
Med-High,Long-term
Med-High,Long-term
Med-High,Long-term
Med-High,Long-term
Med-High,Long-term
Med-High,Long-term
Med-High,Long-term
Med-High,Long-term
Med-High,Long-term
Med-High,Long-term
Med-High,Long-term
Med-High,Long-term
Med-High,Long-term
Med-High,Long-term
Med-High,Long-term
Med-High,Long-term
Med-High,Long-term
Med-High,Long-term
Med-High,Long-term
Med-High,Long-term
Med-High,Long-term
Med-High,Long-term
Med-High,Long-term
Med-High,Long-term
Med-High,Long-term
Med-High,Long-term
Med-High,Long-term
Med-High,Long-term
Med-High,Long-term
Med-High,Long-term
Med-High,Long-term
Med-High,Long-term
Med-High,Long-term
Med-High,Long-term
Med-High,Long-term
Med-High,Long-term
Med-High,Long-term
Med-High,Long-term
Med-High,Long-term
Med-High,Long-term
Med-High,Long-term
Med-High,Long-term
Med-High,Long-term
Med-High,Long-term
Med-High,Long-term
Med-High,Long-term
Med-High,Long-term
Med-High,Long-term
Med-High,Long-term
Med-High,Long-term
Med-High,Long-term
Med-High,Long-term
Med-High,Long-term
Med-High,Long-term
Med-High,Long-term
Med-High,Long-term
Med-High,Long-term
Med-High,Long-term
Med-High,Long-term
Med-High,Long-term
Med-High,Long-term
Med-High,Long-term
Med-High,Long-term
Med-High,Long-term
Med-High,Long-term
Med-High,Long-term
Med-High,Long-term
Med-High,Long-term
Med-High,Long-term
Med-High,Long-term
Med-High,Long-term
Med-High,Long-term
Med-High,Long-term
Med-High,Long-term
Med-High,Long-term
Med-High,Long-term
Med-High,Long-term
Med-High,Long-term
Med-High,Short-term
Med-High,Short-term
Med-High,Short-term
Med-High,Short-term
Med-High,Short-term
Med-High,Short-term
Med-High,Short-term
Med-High,Short-term
Med-High,Short-term
Med-High,Short-term
Med-High,Short-term
Med-High,Short-term
Med-High,Short-term
Med-High,Short-term
Med-High,Short-term
Med-High,Short-term
Med-High,Short-term
Med-High,Short-term
Med-High,Short-term
Med-High,Short-term
Med-High,Short-term
Med-High,Short-term
Med-High,Short-term
Med-High,Short-term
Med-High,Short-term
Med-High,Short-term
Med-High,Short-term
Med-High,Short-term
Med-High,Short-term
Med-High,Short-term
Med-High,Short-term
Med-High,Short-term
Med-High,Short-term
Med-High,Short-term
Med-High,Short-term
Med-High,Short-term
Med-High,Short-term
Med-High,Short-term
Med-High,Short-term
Med-High,Short-term
Med-High,Short-term
Med-High,Short-term
Med-High,Short-term
Med-High,Short-term
Med-High,Short-term
Med-High,Short-term
Med-High,Short-term
Med-High,Short-term
Med-High,Short-term
Med-High,Short-term
Med-High,Short-term
Med-High,Short-term
Med-High,Short-term
Med-High,Short-term
Med-High,Short-term
Med-High,Short-term
Med-High,Short-term
Med-High,Short-term
Med-High,Short-term
Med-High,Short-term
Med-High,Short-term
Med-High,Short-term
Med-High,Short-term
Med-High,Short-term
Med-High,Short-term
Med-High,Short-term
Med-High,Short-term
Med-High,Short-term
Med-High,Short-term
Med-High,Short-term
Med-High,Short-term
Med-High,Short-term
Med-High,Short-term
Med-High,Short-term
Med-High,Short-term
Med-High,Short-term
Med-High,Short-term
Med-High,Short-term
Med-High,Short-term
Med-High,Short-term
Med-High,Short-term
Med-High,Short-term
Med-High,Short-term
Med-High,Short-term
Med-High,Short-term
Med-High,Short-term
Med-High,Short-term
Med-High,Short-term
Med-High,Short-term
Med-High,Short-term
Med-High,Short-term
Med-High,Short-term
Med-High,Short-term
Med-High,Short-term
Med-High,Short-term
Med-High,Short-term
Med-High,Short-term
Med-High,Short-term
Med-High,Short-term
Med-High,Short-term
Med-High,Short-term
Med-High,Short-term
Med-High,Short-term
Med-High,Short-term
Med-High,Short-term
Med-High,Short-term
Med-High,Short-term
Med-High,Short-term
Med-High,Short-term
Med-High,Short-term
Med-High,Short-term
Med-High,Short-term
Med-High,Short-term
Med-High,Short-term
Med-High,Short-term
Med-High,Short-term
Med-High,Short-term
Med-High,Short-term
Med-High,Short-term
Med-High,Short-term
Med-High,Short-term
Med-High,Short-term
Med-High,Short-term
Med-High,Short-term
Med-High,Short-term
Med-High,Short-term
Med-High,Short-term
Med-High,Short-term
Med-High,Short-term
Med-High,Short-term
Med-High,Short-term
Med-High,Short-term
Med-High,Short-term
Med-High,Short-term
Med-High,Short-term
Med-High,Short-term
Med-High,Short-term
Med-High,Short-term
Med-High,Short-term
Med-High,Short-term
Med-High,Short-term
Med-High,Short-term
Med-High,Short-term
Med-High,Short-term
Med-High,Short-term
Med-High,Short-term
Med-High,Short-term
Med-High,Short-term
Med-High,Short-term
Med-High,Short-term
Med-High,Short-term
Med-High,Short-term
Med-High,Short-term
Med-High,Short-term
Med-High,Short-term
Med-High,No use
Med-High,No use
Med-High,No use
Med-High,No use
Med-High,No use
Med-High,No use
Med-High,No use
Med-High,No use
Med-High,No use
Med-High,No use
Med-High,No use
Med-High,No use
Med-High,No use
Med-High,No use
Med-High,No use
Med-High,No use
Med-High,No use
Med-High,No use
Med-High,No use
Med-High,No use
Med-High,No use
Med-High,No use
Med-High,No use
Med-High,No use
Med-High,No use
Med-High,No use
Med-High,No use
Med-High,No use
Med-High,No use
Med-High,No use
Med-High,No use
Med-High,No use
Med-High,No use
Med-High,No use
Med-High,No use
Med-High,No use
Med-High,No use
Med-High,No use
Med-High,No use
Med-High,No use
Med-High,No use
Med-High,No use
Med-High,No use
Med-High,No use
Med-High,No use
Med-High,No use
Med-High,No use
Med-High,No use
Med-High,No use
Med-High,No use
Med-High,No use
Med-High,No use
Med-High,No use
Med-High,No use
Med-High,No use
Med-High,No use
Med-High,No use
Med-High,No use
Med-High,No use
Med-High,No use
Med-High,No use
Med-High,No use
Med-High,No use
Med-High,No use
Med-High,No use
Med-High,No use
Med-High,No use
Med-High,No use
Med-High,No use
Med-High,No use
Med-High,No use
Med-High,No use
Med-High,No use
Med-High,No use
Med-High,No use
Med-High,No use
Med-High,No use
Med-High,No use
Med-High,No use
Med-High,No use
Med-High,No use
Med-High,No use
Med-High,No use
Med-High,No use
Med-High,No use
Med-High,No use
Med-High,No use
Med-High,No use
Med-High,No use
Med-High,No use
Med-High,No use
Med-High,No use
Med-High,No use
Med-High,No use
Med-High,No use
Med-High,No use
Med-High,No use
Med-High,No use
Med-High,No use
Med-High,No use
Med-High,No use
Med-High,No use
Med-High,No use
Med-High,No use
Med-High,No use
Med-High,No use
Med-High,No use
Med-High,No use
Med-High,No use
Med-High,No use
Med-High,No use
Med-High,No use
Med-High,No use
Med-High,No use
Med-High,No use
Med-High,No use
Med-High,No use
Med-High,No use
Med-High,No use
Med-High,No use
Med-High,No use
Med-High,No use
Med-High,No use
Med-High,No use
Med-High,No use
Med-High,No use
Med-High,No use
Med-High,No use
Med-High,No use
Med-High,No use
Med-High,No use
Med-High,No use
Med-High,No use
Med-High,No use
Med-High,No use
Med-High,No use
Med-High,No use
Med-High,No use
Med-High,No use
Med-High,No use
Med-High,No use
Med-High,No use
Med-High,No use
Med-High,No use
Med-High,No use
Med-High,No use
Med-High,No use
Med-High,No use
Med-High,No use
Med-High,No use
Med-High,No use
Med-High,No use
Med-High,No use
Med-High,No use
Med-High,No use
Med-High,No use
Med-High,No use
Med-High,No use
Med-High,No use
Med-High,No use
Med-High,No use
Med-High,No use
Med-High,No use
Med-High,No use
Med-High,No use
Med-High,No use
Med-High,No use
Med-High,No use
Med-High,No use
Med-High,No use
Med-High,No use
Med-High,No use
Med-High,No use
Med-High,No use
Med-High,No use
Med-Low,Long-term
Med-Low,Long-term
Med-Low,Long-term
Med-Low,Long-term
Med-Low,Long-term
Med-Low,Long-term
Med-Low,Long-term
Med-Low,Long-term
Med-Low,Long-term
Med-Low,Long-term
Med-Low,Long-term
Med-Low,Long-term
Med-Low,Long-term
Med-Low,Long-term
Med-Low,Long-term
Med-Low,Long-term
Med-Low,Long-term
Med-Low,Long-term
Med-Low,Long-term
Med-Low,Long-term
Med-Low,Long-term
Med-Low,Long-term
Med-Low,Long-term
Med-Low,Long-term
Med-Low,Long-term
Med-Low,Long-term
Med-Low,Long-term
Med-Low,Long-term
Med-Low,Long-term
Med-Low,Long-term
Med-Low,Long-term
Med-Low,Long-term
Med-Low,Long-term
Med-Low,Long-term
Med-Low,Long-term
Med-Low,Long-term
Med-Low,Long-term
Med-Low,Short-term
Med-Low,Short-term
Med-Low,Short-term
Med-Low,Short-term
Med-Low,Short-term
Med-Low,Short-term
Med-Low,Short-term
Med-Low,Short-term
Med-Low,Short-term
Med-Low,Short-term
Med-Low,Short-term
Med-Low,Short-term
Med-Low,Short-term
Med-Low,Short-term
Med-Low,Short-term
Med-Low,Short-term
Med-Low,Short-term
Med-Low,Short-term
Med-Low,Short-term
Med-Low,Short-term
Med-Low,Short-term
Med-Low,Short-term
Med-Low,Short-term
Med-Low,Short-term
Med-Low,Short-term
Med-Low,Short-term
Med-Low,Short-term
Med-Low,Short-term
Med-Low,Short-term
Med-Low,Short-term
Med-Low,Short-term
Med-Low,Short-term
Med-Low,Short-term
Med-Low,Short-term
Med-Low,Short-term
Med-Low,Short-term
Med-Low,Short-term
Med-Low,Short-term
Med-Low,Short-term
Med-Low,Short-term
Med-Low,Short-term
Med-Low,Short-term
Med-Low,Short-term
Med-Low,Short-term
Med-Low,Short-term
Med-Low,Short-term
Med-Low,Short-term
Med-Low,Short-term
Med-Low,Short-term
Med-Low,Short-term
Med-Low,Short-term
Med-Low,Short-term
Med-Low,Short-term
Med-Low,Short-term
Med-Low,Short-term
Med-Low,Short-term
Med-Low,Short-term
Med-Low,Short-term
Med-Low,Short-term
Med-Low,Short-term
Med-Low,Short-term
Med-Low,Short-term
Med-Low,Short-term
Med-Low,Short-term
Med-Low,Short-term
Med-Low,Short-term
Med-Low,Short-term
Med-Low,Short-term
Med-Low,Short-term
Med-Low,Short-term
Med-Low,Short-term
Med-Low,Short-term
Med-Low,Short-term
Med-Low,Short-term
Med-Low,Short-term
Med-Low,Short-term
Med-Low,Short-term
Med-Low,Short-term
Med-Low,Short-term
Med-Low,Short-term
Med-Low,Short-term
Med-Low,Short-term
Med-Low,Short-term
Med-Low,Short-term
Med-Low,Short-term
Med-Low,Short-term
Med-Low,Short-term
Med-Low,Short-term
Med-Low,Short-term
Med-Low,Short-term
Med-Low,Short-term
Med-Low,Short-term
Med-Low,Short-term
Med-Low,Short-term
Med-Low,Short-term
Med-Low,Short-term
Med-Low,Short-term
Med-Low,Short-term
Med-Low,Short-term
Med-Low,Short-term
Med-Low,Short-term
Med-Low,Short-term
Med-Low,Short-term
Med-Low,Short-term
Med-Low,Short-term
Med-Low,Short-term
Med-Low,Short-term
Med-Low,Short-term
Med-Low,Short-term
Med-Low,Short-term
Med-Low,Short-term
Med-Low,Short-term
Med-Low,Short-term
Med-Low,Short-term
Med-Low,Short-term
Med-Low,Short-term
Med-Low,Short-term
Med-Low,Short-term
Med-Low,Short-term
Med-Low,Short-term
Med-Low,Short-term
Med-Low,No use
Med-Low,No use
Med-Low,No use
Med-Low,No use
Med-Low,No use
Med-Low,No use
Med-Low,No use
Med-Low,No use
Med-Low,No use
Med-Low,No use
Med-Low,No use
Med-Low,No use
Med-Low,No use
Med-Low,No use
Med-Low,No use
Med-Low,No use
Med-Low,No use
Med-Low,No use
Med-Low,No use
Med-Low,No use
Med-Low,No use
Med-Low,No use
Med-Low,No use
Med-Low,No use
Med-Low,No use
Med-Low,No use
Med-Low,No use
Med-Low,No use
Med-Low,No use
Med-Low,No use
Med-Low,No use
Med-Low,No use
Med-Low,No use
Med-Low,No use
Med-Low,No use
Med-Low,No use
Med-Low,No use
Med-Low,No use
Med-Low,No use
Med-Low,No use
Med-Low,No use
Med-Low,No use
Med-Low,No use
Med-Low,No use
Med-Low,No use
Med-Low,No use
Med-Low,No use
Med-Low,No use
Med-Low,No use
Med-Low,No use
Med-Low,No use
Med-Low,No use
Med-Low,No use
Med-Low,No use
Med-Low,No use
Med-Low,No use
Med-Low,No use
Med-Low,No use
Med-Low,No use
Med-Low,No use
Med-Low,No use
Med-Low,No use
Med-Low,No use
Med-Low,No use
Med-Low,No use
Med-Low,No use
Med-Low,No use
Med-Low,No use
Med-Low,No use
Med-Low,No use
Med-Low,No use
Med-Low,No use
Med-Low,No use
Med-Low,No use
Med-Low,No use
Med-Low,No use
Med-Low,No use
Med-Low,No use
Med-Low,No use
Med-Low,No use
Med-Low,No use
Med-Low,No use
Med-Low,No use
Med-Low,No use
Med-Low,No use
Med-Low,No use
Med-Low,No use
Med-Low,No use
Med-Low,No use
Med-Low,No use
Med-Low,No use
Med-Low,No use
Med-Low,No use
Med-Low,No use
Med-Low,No use
Med-Low,No use
Med-Low,No use
Med-Low,No use
Med-Low,No use
Med-Low,No use
Med-Low,No use
Med-Low,No use
Med-Low,No use
Med-Low,No use
Med-Low,No use
Med-Low,No use
Med-Low,No use
Med-Low,No use
Med-Low,No use
Med-Low,No use
Med-Low,No use
Med-Low,No use
Med-Low,No use
Med-Low,No use
Med-Low,No use
Med-Low,No use
Med-Low,No use
Med-Low,No use
Med-Low,No use
Med-Low,No use
Med-Low,No use
Med-Low,No use
Med-Low,No use
Med-Low,No use
Med-Low,No use
Med-Low,No use
Med-Low,No use
Med-Low,No use
Med-Low,No use
Med-Low,No use
Med-Low,No use
Med-Low,No use
Med-Low,No use
Med-Low,No use
Med-Low,No use
Med-Low,No use
Med-Low,No use
Med-Low,No use
Med-Low,No use
Med-Low,No use
Med-Low,No use
Med-Low,No use
Med-Low,No use
Med-Low,No use
Med-Low,No use
Med-Low,No use
Med-Low,No use
Med-Low,No use
Med-Low,No use
Med-Low,No use
Med-Low,No use
Med-Low,No use
Med-Low,No use
Med-Low,No use
Med-Low,No use
Med-Low,No use
Med-Low,No use
Med-Low,No use
Med-Low,No use
Med-Low,No use
Med-Low,No use
Med-Low,No use
Med-Low,No use
Med-Low,No use
Med-Low,No use
Med-Low,No use
Med-Low,No use
Med-Low,No use
Med-Low,No use
Med-Low,No use
Med-Low,No use
Med-Low,No use
Med-Low,No use
Med-Low,No use
Med-Low,No use
Med-Low,No use
Low,Long-term
Low,Long-term
Low,Long-term
Low,Long-term
Low,Long-term
Low,Long-term
Low,Long-term
Low,Long-term
Low,Long-term
Low,Short-term
Low,Short-term
Low,Short-term
Low,Short-term
Low,Short-term
Low,Short-term
Low,Short-term
Low,Short-term
Low,Short-term
Low,Short-term
Low,Short-term
Low,Short-term
Low,Short-term
Low,Short-term
Low,Short-term
Low,Short-term
Low,Short-term
Low,Short-term
Low,Short-term
Low,Short-term
Low,Short-term
Low,Short-term
Low,Short-term
Low,Short-term
Low,Short-term
Low,Short-term
Low,Short-term
Low,Short-term
Low,Short-term
Low,Short-term
Low,Short-term
Low,Short-term
Low,Short-term
Low,Short-term
Low,Short-term
Low,Short-term
Low,Short-term
Low,Short-term
Low,Short-term
Low,Short-term
Low,No use
Low,No use
Low,No use
Low,No use
Low,No use
Low,No use
Low,No use
Low,No use
Low,No use
Low,No use
Low,No use
Low,No use
Low,No use
Low,No use
Low,No use
Low,No use
Low,No use
Low,No use
Low,No use
Low,No use
Low,No use
Low,No use
Low,No use
Low,No use
Low,No use
Low,No use
Low,No use
Low,No use
Low,No use
Low,No use
Low,No use
Low,No use
Low,No use
Low,No use
Low,No use
Low,No use
Low,No use
Low,No use
Low,No use
Low,No use
Low,No use
Low,No use
Low,No use
Low,No use
Low,No use
Low,No use
Low,No use
Low,No use
Low,No use
Low,No use
Low,No use
Low,No use
Low,No use
Low,No use
Low,No use
Low,No use
Low,No use
Low,No use
Low,No use
Low,No use
Low,No use
Low,No use
Low,No use
Low,No use
Low,No use
Low,No use
Low,No use
Low,No use
Low,No use
Low,No use
Low,No use
Low,No use
Low,No use
Low,No use
Low,No use
Low,No use
Low,No use
Low,No use
Low,No use
Low,No use
Low,No use
Low,No use
Low,No use
Low,No use
Low,No use
Low,No use
Low,No use
Low,No use
Low,No use
Low,No use
Low,No use
Low,No use
Low,No use
Low,No use
Low,No use
Low,No use
Low,No use
Low,No use
Low,No use
Low,No use
Low,No use
Low,No use
Low,No use
